,count
mesquite wood chips,1
crushed,1
file powder,1
halved,1
tom yum soup paste optional,1
split,1
to make batter combine    dry mix with the following,1
passion fruit,1
miniature croissants,1
cans white hominy,1
flounder fillets,1
large yams,1
tootsie rolls,1
spanish seasoning,1
liquid pectin,1
glaze,1
xx  untreated cedar plank,1
cut into   thick circles,1
alcoholic,1
to layer in jar,1
beef shank,1
gumdrop,1
bologna,1
crepes,1
squid,1
farina,1
cognac,1
finely crushed dry stuffing mix,1
sumac powder,1
jar hot chutney,1
miso paste,1
chutney,1
nori seaweed,1
frankfurters,1
sirloin tips,1
dry fiestastyle ranch dressing mix,1
bottom layer,1
maple flavored syrup,1
pan drippings,1
drained and mashed,1
prepared polenta,1
thawed,1
twinkies,1
seitan,1
dry mix ingredients,1
peeled and cubed,1
pudding,1
packets acesulfame potassium sweetener,1
hot dog,1
glue,1
frozen dinner rolls,1
wood chips,1
rinsed and dried,1
dip,1
bagel,1
baguette,1
nori dry seaweed,1
gluten,1
split and toasted,1
arugula,1
ganache,1
lamb chop,1
jerk paste,1
sangria,1
meringue powder,1
french rolls,1
beef rib,1
fat,1
packet dry fajita seasoning,1
pomegranate juice,1
multicolored sprinkljimmioptional,1
calamari,1
top sirloin  cut into   strips,1
seasoned dry stuffing mix,1
safflower oil,1
sake,1
whipped topping mix,1
bulgur,1
uncooked linguine,1
hoagie rolls,1
side,1
raw,1
drops any color liquid food color,1
yams,1
hominy grits,1
hot dog buns,1
large croissants,1
tropical fruit,1
italianstyle dressing mix,1
top layer,1
oil,1
container liquid pectin,1
creme fraiche,1
radicchio,1
center,1
for the streusel,1
hot dogs,1
fillets flounder,1
quinoa,1
powdered pectin,1
gummi,1
tamari,1
square dinner rolls,1
old bay  seasoning,1
dried tiger lily buds,1
broccoli rabe,1
polenta,1
cachaca,1
poblano,1
brussels sprouts,1
calvlivers,1
collard greens,1
kielbasa,1
bottom round,1
pitas,1
margarita,1
white hominy,1
packet fajita seasoning,1
can yams,1
rating,1
mountain dew,1
spring,1
citron,1
uncooked grits,1
london,1
loaf round pumpernickel,1
hickoryflavored liquid smoke,1
won ton wrappers,1
bratwurst,1
dried italianstyle seasoning,1
packet aspartame sweetener,1
cointreau,1
mahi mahi fillets,1
cannoli shells,1
goose,1
steam,1
can bamboo shoots,1
garam masala,1
casings removed,1
container guacamole,1
dry mesquite flavored seasoning mix,1
packets aspartame sweetener,1
filet mignon,1
alfalfa sprouts,1
liquid sweetener,1
cobbler topping,1
d bloody mary mix,1
powdered pectin optional,1
divided,1
flounder,1
cacao,1
artificial sweetener,1
dry stuffing mix,1
italian dressing,1
lean top sirloin,1
party,1
pico de gallo,1
eye of round,1
romaine hearts,1
adobo seasoning,1
crushed crackers,1
chard,2
creolestyle seasoning,2
granola,2
icing,2
semolina,2
cubed,2
lunch,2
carob powder,2
gallon snow,2
grouper fillets,2
golden syrup,2
manicotti shells,2
thousand island dressing,2
ground sirloin,2
marinade,2
hickory wood chips,2
saffron,2
syrup,2
tilapia,2
plantain,2
small won ton wrappers,2
mexico,2
watercress,2
fontina,2
bass,2
vinaigrette,2
tart,2
polish kielbasa,2
carcass,2
gin,2
dinner rolls,2
prepared stuffing,2
fajita seasoning,2
barbeque seasoning,2
macaroni and cheese,2
can white frosting,2
seafood,2
italianstyle seasoning,2
nectarine,2
creole seasoning,2
japan,2
wasabi,2
ground turmeric,2
lavender flower,2
matzo meal,2
crushed croutons,2
trout,3
hot fudge topping,3
sugar snap pea,3
beef tenderloin,3
ground round,3
sandwich,3
radish,3
port,3
custard,3
mace,3
ground lamb,3
persimmon,3
soda,3
veal,3
cooking spray,3
bran,3
,3
tater tots,3
haddock,3
england,3
escarole,3
dry pectin,3
square wonton wrappers,3
soaked,3
protein,3
toffee baking bits,3
swordfish,4
corn oil,4
mussel,4
triple sec,4
currant,4
ranchstyle dressing mix,4
lobster,4
can white hominy,4
beet,4
guacamole,4
tomatillo,4
pancake,4
ladyfingers,4
watermelon,4
masa harina,4
macadamia nut,4
citrus,4
venison,4
shredded coleslaw mix,4
drained,4
cole slaw dressing,4
leftovers,5
okra,5
frosting,5
snapper,5
prune,5
crust,5
old bay seasoning tm,6
cookie,6
french baguette,6
seasoned croutons,6
bok choy,6
french dressing,6
fish,6
mango,6
chickpea,6
rutabaga,6
vegetarian,6
chill,6
lima bean,6
halibut,6
lamb,6
low sodium,6
croutons,6
meatball,6
brisket,7
kale,7
fat free,7
wonton wrappers,7
goat cheese,7
couscous,7
anchovy,7
hamburger,7
grenadine syrup,7
turnip,7
champagne,7
prosciutto,8
topping,8
fennel,8
pesto,8
filling,8
zest,8
berry,8
plum,8
lard,8
tahini,8
fig,8
squash,9
pork rib,9
gelatin,9
salad,9
breakfast,9
drinks,9
stock,9
salami,9
herb,10
cocoa,10
pear,10
parsnip,10
kiwi,10
sourdough,10
marsala,10
butternut squash,11
wine,11
anise,11
cocktail sauce,11
brownie,11
candy,11
gravy,11
wheat germ,12
dry ranchstyle dressing mix,12
liquid smoke flavoring,12
meat,13
pistachio,13
rice vinegar,13
amaretto,13
nut,13
sodium,13
tequila,13
tapioca,13
low fat,13
hazelnut,13
whiskey,14
bourbon,14
muffin,14
steak sauce,14
caraway,14
biscuit,14
cookies,15
leek,16
kosher,16
tofu,16
cardamom,16
dough,16
pine nut,16
blackberry,16
cocktail,16
coriander,16
date,16
cola,17
brown rice,17
yellow squash,17
cashew,17
cod,17
ranch dressing mix,17
oyster,17
pretzel,18
skewer,18
barley,18
pizza,18
tarragon,19
shallot,19
peanut oil,19
blue cheese,20
pork tenderloin,20
cajun seasoning,20
seed,21
tuna,21
capers,22
scallop,23
canola oil,23
mint,24
lasagna,24
horseradish,24
wild rice,24
sauerkraut,25
brandy,25
asparagus,25
lentil,25
fruit,26
barbecue sauce,26
chive,26
rhubarb,26
vodka,26
eggplant,28
cauliflower,28
apricot,29
marjoram,29
cranberry sauce,29
halfandhalf,30
caramel,30
baking mix,30
ice cream,31
poppy,31
crescent roll,31
pimento,34
clam,34
maple syrup,35
grains,35
applesauce,37
cottage cheese,39
chestnut,39
sesame,39
italian seasoning,40
pickles,40
ricotta,40
poultry,41
salmon,42
cornmeal,42
liqueur,43
grape,43
sage,43
fry,43
avocado,44
macaroni,45
yeast,45
pork,46
sesame oil,46
yogurt,46
wheat,46
sherry,47
chile,48
artichoke,48
ice,48
lime,48
pie,50
peanut,52
taco,52
food coloring,54
molasses,55
beer,56
peach,57
coffee,57
blueberry,60
apple juice,62
rum,65
turkey,67
steak,68
roast,68
cucumber,68
spaghetti,70
raspberry,70
swiss cheese,71
curry,71
green bean,74
spice,77
crab,77
monterey jack,77
rosemary,79
pork chop,79
cabbage,80
pea,80
noodle,81
lettuce,84
cranberry,85
dill,86
cereal,89
shrimp,89
tea,91
lime juice,99
marshmallow,101
buttermilk,107
hot pepper,109
zucchini,109
pastry,110
salsa,110
red wine,113
vegetable,113
tortillas,119
bay leaf,121
red pepper,121
corn syrup,123
chile pepper,123
salad dressing,123
sauce,124
whipping cream,126
cilantro,130
orange juice,131
rice,132
tomato sauce,133
bake,133
ketchup,135
broccoli,135
strawberry,135
clove,136
cherry,137
spinach,137
pumpkin,147
mozzarella,148
sausage,152
cumin,152
banana,153
honey,153
pasta,157
orange,158
white wine,159
raisin,161
paprika,168
thyme,171
corn,175
chili,191
beef,193
pineapple,195
cornstarch,201
topping thawed,202
worcestershire sauce,202
oat,207
coconut,207
almond,207
bacon,212
peanut butter,219
cake,220
cocoa powder,240
mustard,242
apple,245
soy sauce,245
ginger,247
basil,247
ham,248
bean,257
cheese,260
lemon,262
oregano,269
margarine,277
nutmeg,282
ground beef,286
chicken broth,291
vinegar,302
shortening,305
parmesan,307
pecan,321
green onion,329
cream,349
mayonnaise,354
carrot,359
bread,373
parsley,408
walnut,414
cheddar,442
sour cream,462
bell pepper,469
mushroom,470
potato,473
celery,477
lemon juice,480
cream cheese,562
baking powder,562
sugar,574
baking soda,662
olive,677
cinnamon,678
tomato,679
chocolate,742
vegetable oil,765
brown sugar,844
pepper,924
black pepper,964
chicken,1000
water,1250
garlic,1354
milk,1471
vanilla,1507
onion,1671
flour,1955
egg,2222
white sugar,2329
salt,2340
butter,2348
