,count
split and toasted,1
pound kielbasa,1
sangria,1
bottom round,1
creme fraiche,1
arugula,1
packages seitan,1
calamari,1
whole flounder  cleaned,1
lamb chop,1
liquid sweetener,1
Old Bay  Seasoning,1
fluid  liquid smoke flavoring,1
adobo seasoning,1
chutney,1
package powdered pectin,1
package seasoned dry stuffing mix,1
alcoholic,1
hot dogs,1
sake,1
thousand island dressing,1
day old baguette,1
Pico de Gallo,1
package prepared polenta,1
filet mignon,1
squid,1
thawed,1
mahi mahi fillets,1
dried tiger lily buds,1
garam masala,1
packages ranch dressing mix,1
tamari,1
bulgur,1
raw,1
package bologna,1
multicolored sprinkles jimmies optional,1
miso paste,1
Cobbler Topping,1
quinoa,1
BOTTOM LAYER,1
rating,1
steam,1
alfalfa sprouts,1
large croissants,1
pitas,1
polenta,1
bagel,1
sumac powder,1
cacao,1
TOP LAYER,1
packages dinner rolls,1
gumdrop,1
wood chips,1
pound mesquite wood chips,1
fluid  grenadine syrup,1
dip,1
passion fruit,1
dry stuffing mix,1
file powder see Note,1
farina,1
sheets nori seaweed sheets,1
split,1
LADYFINGERS,1
fluid  Mountain Dew,1
yams,1
PUDDING,1
cut into  inch thick circles,1
packets aspartame sweetener,1
cognac,1
CREPES,1
Glaze,1
bottle bottled Bloody Mary mix,1
lean top sirloin,1
package dry mesquite flavored seasoning mix,1
ground sirloin,1
pound ground sirloin,1
For the Streusel,1
margarita,1
sheets nori dry seaweed,1
cannoli shells,1
fluid  cachaca,1
packages wonton wrappers,1
goose,1
pound eye of round,1
packages ladyfingers,1
hot dog,1
hominy grits,1
cans white hominy,1
package seasoned croutons,1
frankfurters,1
can yams,1
tater tots,1
drops any color liquid food color,1
pound flounder fillets,1
package croutons,1
crushed,1
hot dog buns,1
meringue powder,1
GANACHE,1
pound Brussels sprouts,1
gluten,1
broccoli rabe,1
collard greens,1
ground round,1
To Layer In Jar,1
poblano,1
party,1
tropical fruit,1
Thousand Island dressing,1
uncooked grits,1
pound uncooked linguine,1
jar hot chutney,1
hoagie rolls,1
packet fajita seasoning,1
dry Ranchstyle dressing mix,1
packet dry fajita seasoning,1
fat,1
oil,1
london,1
dried Italianstyle seasoning,1
beef shank,1
bottle French dressing,1
maple flavored syrup,1
French rolls,1
fluid  container liquid pectin,1
CENTER,1
cleaned,1
casings removed,1
fren dinner rolls,1
dry pectin,1
xx inch untreated cedar plank,1
gummi,1
divided,1
romaine hearts,1
Dry Mix Ingredients,1
radicchio,1
sirloin tips,1
halved,1
peeled and cubed,1
package Spanish seasoning,1
large yams,1
crushed crackers,1
fillets flounder,1
bottle cole slaw dressing,1
pomegranate juice,1
spring,1
tom yum soup paste optional,1
miniature croissants,1
packages dry Ranchstyle dressing mix,1
dinner rolls,1
gram packets Acesulfame Potassium sweetener,1
rinsed and dried,1
can bamboo shoots,1
packet aspartame sweetener,1
package Italianstyle dressing mix,1
To Make Batter Combine   Cups Dry Mix With the Following,1
top sirloin  cut into  inch strips,1
inch square dinner rolls,1
Twinkies,1
pound calves livers,1
side,1
citron,1
glue,1
container guacamole,1
wheat,1
pound loaf round pumpernickel,1
package won ton wrappers,1
artificial sweetener,1
drained and mashed,1
package tootsie rolls,1
finely crushed dry stuffing mix,1
package powdered pectin optional,1
whipped topping mix,1
white hominy,1
beef rib,1
bottle Italian dressing,1
liquid pectin,1
fluid  cointreau,1
package dry fiestastyle ranch dressing mix,1
hickoryflavored liquid smoke,1
pan drippings,1
safflower oil,1
bratwurst,1
jerk paste,1
grenadine syrup,2
semolina,2
cubed,2
watercress,2
gin,2
golden syrup,2
granola,2
Crust,2
fontina,2
tart,2
carob powder,2
japan,2
lunch,2
pound Polish kielbasa,2
vinaigrette,2
gallon snow,2
manicotti shells,2
Creolestyle seasoning,2
matzo meal,2
bass,2
Italianstyle seasoning,2
package tater tots,2
dash liquid smoke flavoring,2
Filling,2
marinade,2
tilapia,2
macaroni and cheese,2
lavender flower,2
carcass,2
seafood,2
,2
SYRUP,2
hickory wood chips,2
Icing,2
Frosting,2
grouper fillets,2
Creole seasoning,2
package small won ton wrappers,2
wasabi,2
nectarine,2
crushed croutons,2
chard,2
pound ground round,2
can white frosting,2
ladyfingers,2
saffron,2
fajita seasoning,2
ground turmeric,2
barbeque seasoning,2
mexico,2
prepared stuffing,2
plantain,2
package dry pectin,2
persimmon,3
soda,3
sandwich,3
escarole,3
bran,3
cooking spray,3
beef tenderloin,3
inch square wonton wrappers,3
dashes liquid smoke flavoring,3
haddock,3
port,3
CRUST,3
protein,3
ground lamb,3
custard,3
cole slaw dressing,3
england,3
toffee baking bits,3
FROSTING,3
hot fudge topping,3
radish,3
mace,3
trout,3
soaked,3
veal,3
sugar snap pea,3
Topping,4
tomatillo,4
swordfish,4
guacamole,4
masa harina,4
macadamia nut,4
mussel,4
triple sec,4
package Ranchstyle dressing mix,4
beet,4
lobster,4
citrus,4
dash grenadine syrup,4
can white hominy,4
watermelon,4
package shredded coleslaw mix,4
venison,4
currant,4
TOPPING,4
drained,4
pancake,4
corn oil,4
croutons,5
French dressing,5
okra,5
seasoned croutons,5
leftovers,5
prune,5
snapper,5
low sodium,6
fish,6
lamb,6
rutabaga,6
FILLING,6
lima bean,6
liquid smoke flavoring,6
chill,6
French baguette,6
cookie,6
halibut,6
vegetarian,6
chickpea,6
bok choy,6
meatball,6
mango,6
package wonton wrappers,6
Old Bay Seasoning TM,6
goat cheese,7
turnip,7
fat free,7
hamburger,7
kale,7
brisket,7
couscous,7
anchovy,7
champagne,7
fig,8
prosciutto,8
lard,8
plum,8
zest,8
berry,8
pesto,8
tahini,8
fennel,8
stock,9
squash,9
gelatin,9
salami,9
breakfast,9
salad,9
pork rib,9
drinks,9
parsnip,10
pear,10
package dry Ranchstyle dressing mix,10
marsala,10
kiwi,10
sourdough,10
cocoa,10
herb,10
butternut squash,11
cocktail sauce,11
anise,11
brownie,11
candy,11
gravy,11
wine,11
wheat germ,12
pistachio,13
hazelnut,13
tequila,13
meat,13
tapioca,13
sodium,13
rice vinegar,13
low fat,13
amaretto,13
nut,13
whiskey,14
biscuit,14
muffin,14
steak sauce,14
caraway,14
bourbon,14
cookies,15
dough,16
pine nut,16
date,16
leek,16
tofu,16
blackberry,16
kosher,16
cardamom,16
package ranch dressing mix,16
cocktail,16
coriander,16
oyster,17
cashew,17
yellow squash,17
cod,17
brown rice,17
cola,17
pizza,18
skewer,18
barley,18
pretzel,18
tarragon,19
shallot,19
peanut oil,19
pork tenderloin,20
cajun seasoning,20
blue cheese,20
seed,21
tuna,21
capers,22
canola oil,23
scallop,23
horseradish,24
mint,24
lasagna,24
wild rice,24
sauerkraut,25
brandy,25
lentil,25
asparagus,25
vodka,26
fruit,26
chive,26
rhubarb,26
barbecue sauce,26
cauliflower,28
eggplant,28
marjoram,29
apricot,29
cranberry sauce,29
halfandhalf,30
caramel,30
baking mix,30
ice cream,31
crescent roll,31
poppy,31
clam,34
pimento,34
grains,35
maple syrup,35
applesauce,37
cottage cheese,39
chestnut,39
sesame,39
italian seasoning,40
ricotta,40
pickles,40
poultry,41
salmon,42
cornmeal,42
fry,43
grape,43
sage,43
liqueur,43
avocado,44
macaroni,45
whole wheat,45
yeast,45
yogurt,46
sesame oil,46
pork,46
sherry,47
chile,48
lime,48
ice,48
artichoke,48
pie,50
taco,52
peanut,52
food coloring,54
molasses,55
beer,56
coffee,57
peach,57
blueberry,60
apple juice,62
rum,65
turkey,67
roast,68
cucumber,68
steak,68
spaghetti,70
raspberry,70
curry,71
swiss cheese,71
green bean,74
monterey jack,77
spice,77
crab,77
rosemary,79
pork chop,79
pea,80
cabbage,80
noodle,81
lettuce,84
cranberry,85
dill,86
shrimp,89
cereal,89
tea,91
lime juice,99
marshmallow,101
buttermilk,107
hot pepper,109
zucchini,109
salsa,110
pastry,110
vegetable,113
red wine,113
tortillas,119
red pepper,121
bay leaf,121
chile pepper,123
salad dressing,123
corn syrup,123
sauce,124
whipping cream,126
cilantro,130
orange juice,131
rice,132
tomato sauce,133
bake,133
strawberry,135
broccoli,135
ketchup,135
clove,136
cherry,137
spinach,137
pumpkin,147
mzarella,148
cumin,152
sausage,152
honey,153
banana,153
pasta,157
orange,158
white wine,159
raisin,161
paprika,168
thyme,171
corn,175
chili,191
beef,193
pineapple,195
cornstarch,201
worcestershire sauce,202
topping thawed,202
coconut,207
almond,207
oat,207
bacon,212
peanut butter,219
cake,220
cocoa powder,240
mustard,242
soy sauce,245
apple,245
ginger,247
basil,247
ham,248
bean,257
cheese,260
lemon,262
oregano,269
margarine,277
nutmeg,282
ground beef,286
chicken broth,291
vinegar,302
shortening,305
parmesan,307
pecan,321
green onion,329
cream,349
mayonnaise,354
carrot,359
bread,373
parsley,408
walnut,414
cheddar,442
sour cream,462
bell pepper,469
mushroom,470
potato,473
celery,477
lemon juice,480
baking powder,562
cream cheese,562
sugar,574
baking soda,662
olive,677
cinnamon,678
tomato,679
chocolate,742
vegetable oil,765
brown sugar,844
pepper,924
black pepper,964
chicken,1000
water,1250
garlic,1354
milk,1471
vanilla,1507
onion,1671
flour,1955
egg,2222
white sugar,2329
salt,2340
butter,2348
